Date,Asianpaint Open,Asianpaint High,Asianpaint Low,Asianpaint Close,Asianpaint AdjClose,Asianpaint Volume,Dmart Open,Dmart High,Dmart Low,Dmart Close,Dmart AdjClose,Dmart Volume,,,,,,,,,,,,
21-06-2023,3318.699951,3333,3300,3316.100098,3278.599365,742456,3987,4028.850098,3898.050049,3919.5,3919.5,310779,,DROPDOWN  BOX,,,,,,,,Date,Asianpaint Open,Asianpaint Close
22-06-2023,3325,3326.850098,3242.449951,3248.050049,3211.318604,871640,3935,3940,3800,3812.149902,3812.149902,311631,,Asianpaint Open,,,,,,,,21-06-2023,3318.699951,3316.100098
23-06-2023,3265,3304.149902,3253.050049,3297.699951,3260.407227,1260659,3823.949951,3845,3731.899902,3744.050049,3744.050049,278868,,Asianpaint,,,,,,,,22-06-2023,3325,3248.050049
26-06-2023,3295,3315.350098,3271.399902,3308.149902,3270.73877,592801,3744.050049,3879,3744.050049,3848.25,3848.25,344384,,Asianpaint Close,,,,,,,,23-06-2023,3265,3297.699951
27-06-2023,3275,3344.5,3273.350098,3326,3288.387207,914141,3849,3919.949951,3841,3872.100098,3872.100098,499702,,,,,,,,,,26-06-2023,3295,3308.149902
28-06-2023,3331,3355.25,3323.5,3348.25,3310.385498,713110,3865,3988,3852.050049,3963.600098,3963.600098,478728,,,,,,,,,,27-06-2023,3275,3326
30-06-2023,3353,3449.600098,3343.75,3362.050049,3324.029541,1436363,3965,3966,3880,3889.199951,3889.199951,401857,,,,,,,,,,28-06-2023,3331,3348.25
03-07-2023,3365,3379.949951,3337.199951,3358.699951,3320.717529,474224,3889.199951,3948,3843,3868.600098,3868.600098,371884,,,,,,,,,,30-06-2023,3353,3362.050049
04-07-2023,3358.699951,3387,3331,3347.699951,3309.841797,473663,3929.949951,3929.949951,3844.25,3857.199951,3857.199951,554478,,,,,,,,,,03-07-2023,3365,3358.699951
05-07-2023,3351.350098,3400,3340.75,3374.399902,3336.239746,632406,3880,3897,3801.199951,3820.100098,3820.100098,311494,,,,,,,,,,04-07-2023,3358.699951,3347.699951
06-07-2023,3410,3410,3367.800049,3399.399902,3360.957031,693995,3844,3850,3810,3815.899902,3815.899902,247801,,,,,,,,,,05-07-2023,3351.350098,3374.399902
07-07-2023,3385,3414,3337.149902,3343.699951,3305.886963,620761,3818,3844,3800,3808.949951,3808.949951,206827,,,,,,,,,,06-07-2023,3410,3399.399902
10-07-2023,3345,3372.050049,3293.949951,3343.149902,3305.343262,548838,3810,3834.25,3757,3767.699951,3767.699951,180959,,,,,,,,,,07-07-2023,3385,3343.699951
11-07-2023,3349.949951,3399.949951,3345,3392.550049,3354.18457,772158,3786.949951,3838,3772.050049,3827.100098,3827.100098,175289,,,,,,,,,,10-07-2023,3345,3343.149902
12-07-2023,3408,3414.399902,3362.25,3406.75,3368.224121,1025127,3847.100098,3850,3790,3806.350098,3806.350098,362068,,,,,,,,,,11-07-2023,3349.949951,3392.550049
13-07-2023,3425,3425,3384.350098,3398.550049,3360.116699,750126,3823,3828,3795,3821.649902,3821.649902,250708,,,,,,,,,,12-07-2023,3408,3406.75
14-07-2023,3398.550049,3439,3387,3429.75,3390.963867,832843,3840.800049,3881.850098,3782,3838.75,3838.75,369703,,,,,,,,,,13-07-2023,3425,3398.550049
17-07-2023,3429.75,3473,3425,3460.399902,3421.267334,817694,3796.850098,3823.350098,3700,3713.550049,3713.550049,1045261,,,,,,,,,,14-07-2023,3398.550049,3429.75
18-07-2023,3460,3523,3455.600098,3513.449951,3473.717285,962485,3700,3711.949951,3672,3676.5,3676.5,499878,,,,,,,,,,17-07-2023,3429.75,3460.399902
19-07-2023,3520,3530,3482.5,3514.649902,3474.903564,620289,3689.949951,3720,3678.550049,3705.850098,3705.850098,277417,,,Open,2925,,,,,,18-07-2023,3460,3513.449951
20-07-2023,3510.050049,3535,3494.949951,3526,3486.125244,589848,3705.850098,3713.350098,3668.050049,3678.800049,3678.800049,503722,,,Low,2880.100098,,,,,,19-07-2023,3520,3514.649902
21-07-2023,3535.949951,3537.949951,3505,3517.699951,3477.919434,857975,3653,3692,3643.600098,3675.699951,3675.699951,369923,,,High,2928,,,,,,20-07-2023,3510.050049,3526
24-07-2023,3506,3568,3498.5,3543.699951,3503.625244,680246,3676,3680,3642.050049,3668.199951,3668.199951,197861,,,52 Week High,2792.600098,,,,,,21-07-2023,3535.949951,3517.699951
25-07-2023,3547.899902,3547.899902,3350,3400.399902,3361.945801,2555630,3668.050049,3701.75,3660.050049,3677.050049,3677.050049,237637,,,52 Week Low,2670.100098,,,,,,24-07-2023,3506,3543.699951
26-07-2023,3399.850098,3413,3365,3373,3334.855713,959076,3691.550049,3718.399902,3672.050049,3712.649902,3712.649902,182427,,,,,,,,,,25-07-2023,3547.899902,3400.399902
27-07-2023,3390,3414,3351,3369.399902,3331.296143,874078,3717.800049,3732.149902,3661.050049,3693.350098,3693.350098,286460,,,,,,,,,,26-07-2023,3399.850098,3373
28-07-2023,3375,3399,3364.5,3390.699951,3352.355469,553750,3704,3729,3674.050049,3713.899902,3713.899902,219187,,,,,,,,,,27-07-2023,3390,3369.399902
31-07-2023,3323.199951,3388,3323.149902,3377.350098,3339.156738,933890,3713.050049,3764,3703,3752.800049,3752.800049,276799,,,,,,,,,,28-07-2023,3375,3390.699951
01-08-2023,3372,3385,3338,3342.949951,3305.145508,698667,3758.949951,3768.149902,3716.199951,3740.300049,3740.300049,212462,,,,,,,,,,31-07-2023,3323.199951,3377.350098
02-08-2023,3341.199951,3371.949951,3330.649902,3362.899902,3324.869873,857218,3750,3779.899902,3690.050049,3713.399902,3713.399902,206748,,,,,,,,,,01-08-2023,3372,3342.949951
03-08-2023,3370,3379.949951,3317.949951,3336.350098,3298.620117,711067,3713.399902,3725,3675,3699.899902,3699.899902,168745,,,,,,,,,,02-08-2023,3341.199951,3362.899902
04-08-2023,3338.149902,3373.300049,3323,3339.649902,3301.882813,519248,3699.899902,3700,3640,3652.100098,3652.100098,482851,,,,,,,,,,03-08-2023,3370,3336.350098
07-08-2023,3316.050049,3350,3316,3343,3305.195068,360358,3661.899902,3671.25,3630.050049,3640.350098,3640.350098,340841,,,,,,,,,,04-08-2023,3338.149902,3339.649902
08-08-2023,3343,3359.949951,3332.649902,3348.050049,3310.187988,500258,3660,3686.699951,3635,3648.449951,3648.449951,269119,,,,,,,,,,07-08-2023,3316.050049,3343
09-08-2023,3332.550049,3356.949951,3303,3331,3293.330566,643222,3648.449951,3659.949951,3615.350098,3628.75,3628.75,257378,,,,,,,,,,08-08-2023,3343,3348.050049
10-08-2023,3310,3320,3230,3237.899902,3201.283447,1253219,3633.949951,3644.949951,3587,3598.199951,3598.199951,381556,,,,,,,,,,09-08-2023,3332.550049,3331
11-08-2023,3237.899902,3248.949951,3180,3185.350098,3149.327881,919023,3600,3607.850098,3545,3550.050049,3550.050049,740365,,,,,,,,,,10-08-2023,3310,3237.899902
14-08-2023,3185.350098,3209.899902,3152.25,3202.600098,3166.382813,815534,3567.949951,3567.949951,3500,3509.300049,3509.300049,244504,,,,,,,,,,11-08-2023,3237.899902,3185.350098
16-08-2023,3194.899902,3208.850098,3176.899902,3194.050049,3157.929443,597686,3527.949951,3527.949951,3491.25,3499.350098,3499.350098,321024,,,,,,,,,,14-08-2023,3185.350098,3202.600098
17-08-2023,3223.899902,3224,3162,3183.25,3147.251465,873392,3509.25,3552,3500,3507.649902,3507.649902,805813,,,,,,,,,,16-08-2023,3194.899902,3194.050049
18-08-2023,3174.899902,3185.5,3155,3163.550049,3127.774414,592652,3510,3594.149902,3501,3540.949951,3540.949951,570307,,,,,,,,,,17-08-2023,3223.899902,3183.25
21-08-2023,3159.899902,3187.5,3152.149902,3182.300049,3146.3125,353330,3540,3565,3522,3547.699951,3547.699951,319920,,,,,,,,,,18-08-2023,3174.899902,3163.550049
22-08-2023,3198.600098,3198.600098,3171,3179.699951,3143.741455,377068,3550,3582.949951,3530.550049,3568.899902,3568.899902,258022,,,,,,,,,,21-08-2023,3159.899902,3182.300049
23-08-2023,3186,3196,3165.25,3168.800049,3132.964844,370811,3582,3582,3531.5,3539.300049,3539.300049,341109,,,,,,,,,,22-08-2023,3198.600098,3179.699951
24-08-2023,3185,3232.899902,3170.899902,3225.600098,3189.122803,1167742,3550,3569.949951,3545,3561.5,3561.5,352847,,,,,,,,,,23-08-2023,3186,3168.800049
25-08-2023,3224.899902,3265,3216.199951,3259.300049,3222.441406,1363431,3554,3573.649902,3530.050049,3534.600098,3534.600098,254513,,,,,,,,,,24-08-2023,3185,3225.600098
28-08-2023,3264.949951,3272,3231.050049,3259.699951,3222.836914,707315,3533,3635.949951,3533,3592.899902,3592.899902,619104,,,,,,,,,,25-08-2023,3224.899902,3259.300049
29-08-2023,3261,3289,3255.050049,3285.699951,3248.542969,533163,3632,3675,3615,3664.350098,3664.350098,615528,,,,,,,,,,28-08-2023,3264.949951,3259.699951
30-08-2023,3301.300049,3302.850098,3276.399902,3294.699951,3257.440918,599080,3693.949951,3742.75,3684.550049,3736.300049,3736.300049,440057,,,,,,,,,,29-08-2023,3261,3285.699951
31-08-2023,3300.050049,3302,3220,3256.100098,3219.277832,1601967,3736.300049,3750,3680.100098,3720.399902,3720.399902,672799,,,,,,,,,,30-08-2023,3301.300049,3294.699951
01-09-2023,3241.100098,3264.199951,3217.100098,3259.550049,3222.688721,650131,3730,3765,3716,3761.050049,3761.050049,361003,,,,,,,,,,31-08-2023,3300.050049,3256.100098
04-09-2023,3259.550049,3266.25,3216.100098,3235.550049,3198.960205,696213,3771.949951,3781.949951,3739.100098,3755.75,3755.75,145378,,,,,,,,,,01-09-2023,3241.100098,3259.550049
05-09-2023,3245,3248.850098,3220,3223.300049,3186.848633,597022,3759.949951,3794.949951,3727.699951,3776.899902,3776.899902,232853,,,,,,,,,,04-09-2023,3259.550049,3235.550049
06-09-2023,3209,3230,3195,3225.300049,3188.826172,754106,3777,3810.199951,3760.5,3796.800049,3796.800049,224923,,,,,,,,,,05-09-2023,3245,3223.300049
07-09-2023,3225.300049,3253.75,3201.25,3246.350098,3209.638184,923108,3815,3856.800049,3770,3785.100098,3785.100098,443562,,,,,,,,,,06-09-2023,3209,3225.300049
08-09-2023,3250.550049,3263.050049,3232,3238.050049,3201.431885,395918,3820,3825,3776,3782.399902,3782.399902,155200,,,,,,,,,,07-09-2023,3225.300049,3246.350098
11-09-2023,3242,3265,3242,3259.399902,3222.540283,359345,3791.699951,3815,3772.399902,3810.75,3810.75,170276,,,,,,,,,,08-09-2023,3250.550049,3238.050049
12-09-2023,3260,3279.800049,3243,3256.850098,3220.019287,554905,3836,3847,3740.050049,3753.25,3753.25,289753,,,,,,,,,,11-09-2023,3242,3259.399902
13-09-2023,3245,3284.649902,3225.300049,3277.75,3240.682861,880907,3760.949951,3823.949951,3731.199951,3813.699951,3813.699951,282452,,,,,,,,,,12-09-2023,3260,3256.850098
14-09-2023,3282,3294.199951,3223.25,3240.25,3203.606934,1102554,3845,3850,3775,3808.050049,3808.050049,281679,,,,,,,,,,13-09-2023,3245,3277.75
15-09-2023,3235,3240,3185,3196.649902,3160.499756,1568607,3819.850098,3820,3770,3796,3796,252016,,,,,,,,,,14-09-2023,3282,3240.25
18-09-2023,3200,3229.899902,3190,3206.300049,3170.040771,673602,3795.800049,3810,3771.25,3797.899902,3797.899902,114208,,,,,,,,,,15-09-2023,3235,3196.649902
20-09-2023,3206.300049,3228,3195,3214.350098,3178,901084,3789.949951,3789.949951,3715.5,3729.399902,3729.399902,182671,,,,,,,,,,18-09-2023,3200,3206.300049
21-09-2023,3210,3261.199951,3180.550049,3244.199951,3207.512207,845739,3747,3775,3679,3686.949951,3686.949951,191005,,,,,,,,,,20-09-2023,3206.300049,3214.350098
22-09-2023,3234.949951,3283.600098,3221.149902,3274.850098,3237.815674,896521,3687,3717.550049,3653.949951,3689.100098,3689.100098,148096,,,,,,,,,,21-09-2023,3210,3244.199951
25-09-2023,3272.300049,3334.800049,3271.149902,3323.25,3285.668457,1422084,3700,3702.949951,3656.199951,3664.100098,3664.100098,112473,,,,,,,,,,22-09-2023,3234.949951,3274.850098
26-09-2023,3323,3324.899902,3260.350098,3292.800049,3255.562744,834560,3664.100098,3680.949951,3625,3633.600098,3633.600098,170690,,,,,,,,,,25-09-2023,3272.300049,3323.25
27-09-2023,3288,3309,3271.699951,3301.800049,3264.460938,516326,3650,3669,3625,3640.699951,3640.699951,427214,,,,,,,,,,26-09-2023,3323,3292.800049
28-09-2023,3281.800049,3289,3155,3170.350098,3134.497559,2104381,3692,3692,3651,3671.050049,3671.050049,451168,,,,,,,,,,27-09-2023,3288,3301.800049
29-09-2023,3195,3195,3134,3161.050049,3125.30249,1550585,3671.050049,3698,3651.300049,3675.600098,3675.600098,321455,,,,,,,,,,28-09-2023,3281.800049,3170.350098
03-10-2023,3166.100098,3227.800049,3162,3166.850098,3131.037109,1219145,3675.399902,3740.25,3616,3725.699951,3725.699951,235045,,,,,,,,,,29-09-2023,3195,3161.050049
04-10-2023,3164.949951,3189,3151.350098,3169.899902,3134.052246,892584,3760,3909.949951,3760,3872.949951,3872.949951,1737108,,,,,,,,,,03-10-2023,3166.100098,3166.850098
05-10-2023,3210,3232.100098,3174.300049,3206.25,3169.991455,1002610,3880,3938.399902,3842.050049,3861.5,3861.5,607632,,,,,,,,,,04-10-2023,3164.949951,3169.899902
06-10-2023,3214.75,3217,3190,3195.75,3159.610107,814257,3860,3890.800049,3786.75,3833.949951,3833.949951,345055,,,,,,,,,,05-10-2023,3210,3206.25
09-10-2023,3140.050049,3163,3132.699951,3152.800049,3117.145752,700012,3809.600098,3818,3771,3798.600098,3798.600098,278929,,,,,,,,,,06-10-2023,3214.75,3195.75
10-10-2023,3150,3164.899902,3140.050049,3151.5,3115.860596,847367,3809.949951,3829.850098,3775.550049,3793.800049,3793.800049,284836,,,,,,,,,,09-10-2023,3140.050049,3152.800049
11-10-2023,3169,3185,3152.050049,3163.899902,3128.120117,1025317,3812.5,3889,3804.300049,3852.050049,3852.050049,304828,,,,,,,,,,10-10-2023,3150,3151.5
12-10-2023,3186,3188.5,3150.050049,3159.100098,3123.374756,992531,3874.800049,3890,3820.300049,3862.75,3862.75,226262,,,,,,,,,,11-10-2023,3169,3163.899902
13-10-2023,3150,3172,3128.25,3148.800049,3113.191162,854688,3853.949951,3941,3836.050049,3935.850098,3935.850098,554574,,,,,,,,,,12-10-2023,3186,3159.100098
16-10-2023,3124,3128,3096.100098,3112.050049,3076.856689,853011,3825.050049,3873.899902,3772.75,3856.800049,3856.800049,1102582,,,,,,,,,,13-10-2023,3150,3148.800049
17-10-2023,3137,3137,3091.800049,3113.550049,3078.3396,792640,3879.149902,3885,3834.300049,3842.850098,3842.850098,394330,,,,,,,,,,16-10-2023,3124,3112.050049
18-10-2023,3110,3115.199951,3090,3096.449951,3061.432861,481985,3842.850098,3853.100098,3776.25,3795.949951,3795.949951,356321,,,,,,,,,,17-10-2023,3137,3113.550049
19-10-2023,3087.699951,3110.899902,3076.100098,3101.800049,3066.722656,568124,3790,3790,3746.850098,3766.850098,3766.850098,168075,,,,,,,,,,18-10-2023,3110,3096.449951
20-10-2023,3092.5,3115.100098,3064.550049,3105.850098,3070.726807,711434,3760.050049,3780.949951,3742.100098,3749.5,3749.5,200038,,,,,,,,,,19-10-2023,3087.699951,3101.800049
23-10-2023,3096.050049,3108.899902,3064,3072,3037.259521,374476,3750.050049,3768,3641.350098,3668.949951,3668.949951,297128,,,,,,,,,,20-10-2023,3092.5,3105.850098
25-10-2023,3093.399902,3108,3052,3060.800049,3026.186279,669290,3685,3755,3620.100098,3740.550049,3740.550049,333022,,,,,,,,,,23-10-2023,3096.050049,3072
26-10-2023,3051.100098,3055,2940,2960.300049,2926.822754,1834111,3728.050049,3731.949951,3662,3684.649902,3684.649902,289964,,,,,,,,,,25-10-2023,3093.399902,3060.800049
27-10-2023,2932.800049,2974.649902,2931,2955.149902,2921.730957,1708185,3700,3758,3651,3665.449951,3665.449951,365480,,,,,,,,,,26-10-2023,3051.100098,2960.300049
30-10-2023,2974,2991.949951,2939.100098,2967.100098,2933.546143,878885,3686.699951,3688,3624.25,3646.649902,3646.649902,254298,,,,,,,,,,27-10-2023,2932.800049,2955.149902
31-10-2023,2969,3012.75,2966,2995.699951,2961.82251,1152306,3657.649902,3671.25,3620,3633.399902,3633.399902,820386,,,,,,,,,,30-10-2023,2974,2967.100098
01-11-2023,2997.949951,3008.899902,2930,2934.550049,2901.364014,1029990,3637.5,3660.600098,3621,3639.449951,3639.449951,242467,,,,,,,,,,31-10-2023,2969,2995.699951
02-11-2023,2961.050049,2962,2934,2955.399902,2921.978027,900125,3639,3677.949951,3624.149902,3647.449951,3647.449951,216100,,,,,,,,,,01-11-2023,2997.949951,2934.550049
03-11-2023,2957,2982.899902,2942,2977.850098,2949.313965,715997,3667.600098,3667.600098,3621.25,3649.699951,3649.699951,316179,,,,,,,,,,02-11-2023,2961.050049,2955.399902
06-11-2023,2998,3034.050049,2983.850098,3029.300049,3000.270752,620959,3654.550049,3692.899902,3635.300049,3649.550049,3649.550049,277254,,,,,,,,,,03-11-2023,2957,2977.850098
07-11-2023,3029.300049,3038.949951,3002.199951,3033.350098,3004.281982,757998,3649.5,3667.949951,3636,3653.300049,3653.300049,287032,,,,,,,,,,06-11-2023,2998,3029.300049
08-11-2023,3058,3098.949951,3046.199951,3095.25,3065.588867,783400,3658,3727.949951,3658,3712.399902,3712.399902,246719,,,,,,,,,,07-11-2023,3029.300049,3033.350098
09-11-2023,3100,3111.399902,3074.050049,3080.199951,3050.682861,849702,3733.899902,3765,3725,3747.600098,3747.600098,248748,,,,,,,,,,08-11-2023,3058,3095.25
10-11-2023,3070,3085,3040.100098,3076.449951,3046.968994,364232,3750,3800,3738.550049,3798.399902,3798.399902,205429,,,,,,,,,,09-11-2023,3100,3080.199951
13-11-2023,3098,3098,3065,3085.600098,3056.03125,405941,3809.949951,3819.800049,3740.199951,3798.449951,3798.449951,166502,,,,,,,,,,10-11-2023,3070,3076.449951
15-11-2023,3085.699951,3118.850098,3078.699951,3116.199951,3086.337891,700017,3810,3814.949951,3750.100098,3791.949951,3791.949951,372291,,,,,,,,,,13-11-2023,3098,3085.600098
16-11-2023,3119,3140.899902,3097.600098,3130.300049,3100.302979,675454,3795,3800,3765,3790.25,3790.25,148945,,,,,,,,,,15-11-2023,3085.699951,3116.199951
17-11-2023,3150,3228.25,3145.649902,3168.899902,3138.532959,1430175,3794.949951,3843,3780,3810.899902,3810.899902,266479,,,,,,,,,,16-11-2023,3119,3130.300049
20-11-2023,3168.899902,3171.899902,3132,3140.350098,3110.256592,406431,3810.899902,3833,3771.699951,3792.899902,3792.899902,252998,,,,,,,,,,17-11-2023,3150,3168.899902
21-11-2023,3156.899902,3156.899902,3127,3133.25,3103.224609,409069,3796,3842,3796,3814.949951,3814.949951,196060,,,,,,,,,,20-11-2023,3168.899902,3140.350098
22-11-2023,3140,3157,3121.199951,3133,3102.977051,489889,3820,3873.850098,3812.350098,3838.25,3838.25,200608,,,,,,,,,,21-11-2023,3156.899902,3133.25
23-11-2023,3148,3171.399902,3115.149902,3122.949951,3093.023193,792460,3848,3865,3798.949951,3844.399902,3844.399902,201012,,,,,,,,,,22-11-2023,3140,3133
24-11-2023,3118,3139.800049,3111,3136.149902,3106.09668,756329,3820,3869,3799,3842.899902,3842.899902,96391,,,,,,,,,,23-11-2023,3148,3122.949951
28-11-2023,3141.149902,3160,3136.149902,3148.350098,3118.179932,647883,3815,3934,3815,3912.149902,3912.149902,449705,,,,,,,,,,24-11-2023,3118,3136.149902
29-11-2023,3148.350098,3170,3142,3148.350098,3118.179932,620725,3915,3937,3841,3861.5,3861.5,333845,,,,,,,,,,28-11-2023,3141.149902,3148.350098
30-11-2023,3148.350098,3153.949951,3108.350098,3119.899902,3090.002441,1793116,3878,3962,3834,3949.75,3949.75,698850,,,,,,,,,,29-11-2023,3148.350098,3148.350098
01-12-2023,3146.949951,3190.600098,3140.25,3173.399902,3142.989746,960196,3969.649902,3995,3931.149902,3988.399902,3988.399902,380041,,,,,,,,,,30-11-2023,3148.350098,3119.899902
04-12-2023,3190,3204.449951,3166.5,3194.550049,3163.937256,1018189,4000,4049,3950.050049,3967.100098,3967.100098,389629,,,,,,,,,,01-12-2023,3146.949951,3173.399902
05-12-2023,3197,3247.649902,3180,3226.25,3195.333496,1005550,3950,4041,3949,4039.550049,4039.550049,443420,,,,,,,,,,04-12-2023,3190,3194.550049
06-12-2023,3265,3289,3232.949951,3252.550049,3221.381348,1229158,4039.550049,4175,4039,4137.149902,4137.149902,861085,,,,,,,,,,05-12-2023,3197,3226.25
07-12-2023,3284,3299.949951,3246.850098,3251.800049,3220.638672,1071725,4140.049805,4206,4095,4115.450195,4115.450195,414582,,,,,,,,,,06-12-2023,3265,3252.550049
08-12-2023,3255,3269.800049,3227.800049,3232,3201.02832,895852,4155.950195,4170,4027.649902,4070.649902,4070.649902,495575,,,,,,,,,,07-12-2023,3284,3251.800049
11-12-2023,3230,3245,3185.5,3233,3202.018799,910426,4070.649902,4075,4025.050049,4069.75,4069.75,239939,,,,,,,,,,08-12-2023,3255,3232
12-12-2023,3228,3257.050049,3210,3224.75,3193.8479,1019030,4080.899902,4100,4038.100098,4075.399902,4075.399902,349447,,,,,,,,,,11-12-2023,3230,3233
13-12-2023,3240,3254.949951,3190.300049,3243.649902,3212.56665,1052079,4075,4075.399902,3945.100098,4033.050049,4033.050049,388573,,,,,,,,,,12-12-2023,3228,3224.75
14-12-2023,3255,3258.600098,3218,3241.350098,3210.288818,923107,4044.949951,4081,3996.050049,4070.050049,4070.050049,264682,,,,,,,,,,13-12-2023,3240,3243.649902
15-12-2023,3250,3326.350098,3242,3313.899902,3282.143311,1631687,4085,4097.899902,4017,4045.649902,4045.649902,300270,,,,,,,,,,14-12-2023,3255,3241.350098
18-12-2023,3313,3335.800049,3296,3332.050049,3300.119629,911936,4045,4079.800049,4000,4010.149902,4010.149902,221527,,,,,,,,,,15-12-2023,3250,3313.899902
19-12-2023,3335.949951,3353.899902,3300.149902,3336.050049,3304.081299,780448,4010,4048.949951,3990.25,4021.350098,4021.350098,185004,,,,,,,,,,18-12-2023,3313,3332.050049
20-12-2023,3336.050049,3359.949951,3282.649902,3297.149902,3265.553955,979762,4011,4046.449951,3905,3965.899902,3965.899902,244858,,,,,,,,,,19-12-2023,3335.949951,3336.050049
21-12-2023,3280,3320,3271.850098,3302.949951,3271.29834,1585879,3950,4009.899902,3920.050049,3954.5,3954.5,286850,,,,,,,,,,20-12-2023,3336.050049,3297.149902
22-12-2023,3309.899902,3350.800049,3287,3341.300049,3309.281006,930563,3977.949951,4015,3962.050049,4007.949951,4007.949951,224831,,,,,,,,,,21-12-2023,3280,3302.949951
26-12-2023,3349.949951,3391.899902,3345.199951,3383.350098,3350.927979,600190,4009.949951,4038.199951,3995.350098,4023.449951,4023.449951,299135,,,,,,,,,,22-12-2023,3309.899902,3341.300049
27-12-2023,3381.050049,3409.949951,3354,3404.449951,3371.825684,837182,4020,4063.300049,4000,4027.449951,4027.449951,349033,,,,,,,,,,26-12-2023,3349.949951,3383.350098
28-12-2023,3405,3419.949951,3373.050049,3397.25,3364.694824,779250,4048.899902,4058.399902,4015,4044.649902,4044.649902,403866,,,,,,,,,,27-12-2023,3381.050049,3404.449951
29-12-2023,3410,3422.949951,3383.899902,3402.399902,3369.79541,615676,4045.100098,4098.899902,3984.199951,4082.649902,4082.649902,224994,,,,,,,,,,28-12-2023,3405,3397.25
01-01-2024,3403,3411.800049,3389.149902,3396.100098,3363.555908,283951,4075,4080,4042.100098,4064.75,4064.75,131614,,,,,,,,,,29-12-2023,3410,3402.399902
02-01-2024,3396,3398.899902,3345,3391.350098,3358.851318,552394,4070,4155,4006.25,4103.350098,4103.350098,843252,,,,,,,,,,01-01-2024,3403,3396.100098
03-01-2024,3391.350098,3399,3365,3373.600098,3341.271484,379131,4080,4080,3919.399902,3932.350098,3932.350098,964470,,,,,,,,,,02-01-2024,3396,3391.350098
04-01-2024,3372,3401.25,3363.800049,3379.949951,3347.560547,777127,3965,3965,3888,3897.850098,3897.850098,754490,,,,,,,,,,03-01-2024,3391.350098,3373.600098
05-01-2024,3379.949951,3380.399902,3348,3355.550049,3323.394531,416956,3902,3940,3810,3863.5,3863.5,513823,,,,,,,,,,04-01-2024,3372,3379.949951
08-01-2024,3355,3376.5,3294.850098,3298.399902,3266.791992,545884,3893.949951,3919.899902,3791,3804.399902,3804.399902,692896,,,,,,,,,,05-01-2024,3379.949951,3355.550049
09-01-2024,3310,3315,3262.25,3267.5,3236.188232,670704,3810.100098,3850,3787,3810.75,3810.75,440688,,,,,,,,,,08-01-2024,3355,3298.399902
10-01-2024,3292,3293,3258.199951,3286.850098,3255.352783,691087,3818.899902,3837.949951,3792.350098,3822,3822,338253,,,,,,,,,,09-01-2024,3310,3267.5
11-01-2024,3286.850098,3309.199951,3270.699951,3288.199951,3256.689697,537469,3845,3845,3805,3821.350098,3821.350098,213492,,,,,,,,,,10-01-2024,3292,3286.850098
12-01-2024,3294.949951,3294.949951,3244,3277.800049,3246.389404,673004,3827.949951,3848,3794.100098,3841,3841,456627,,,,,,,,,,11-01-2024,3286.850098,3288.199951
15-01-2024,3282.199951,3287.199951,3258.600098,3273.899902,3242.526611,728116,3924.949951,3933,3851,3858.25,3858.25,505101,,,,,,,,,,12-01-2024,3294.949951,3277.800049
16-01-2024,3274.949951,3320,3273.899902,3296.899902,3265.306396,748215,3860,3865,3807,3828.300049,3828.300049,445672,,,,,,,,,,15-01-2024,3282.199951,3273.899902
17-01-2024,3294.100098,3304.350098,3193.050049,3242.300049,3211.229736,2239241,3750,3811.899902,3750,3786.449951,3786.449951,516399,,,,,,,,,,16-01-2024,3274.949951,3296.899902
18-01-2024,3257.949951,3257.949951,3048.600098,3163.850098,3133.531494,1979174,3786.449951,3790,3740,3748.850098,3748.850098,489754,,,,,,,,,,17-01-2024,3294.100098,3242.300049
19-01-2024,3177.800049,3201.550049,3148.600098,3165.850098,3135.512451,936201,3762.949951,3768.699951,3704.5,3731.699951,3731.699951,565533,,,,,,,,,,18-01-2024,3257.949951,3163.850098
23-01-2024,3087.550049,3109,3021.550049,3054.699951,3025.427246,2365225,3675,3714,3651.050049,3675.899902,3675.899902,299750,,,,,,,,,,19-01-2024,3177.800049,3165.850098
24-01-2024,3055,3055,2976.100098,2999.449951,2970.706787,2665932,3675.899902,3748,3646.050049,3727.75,3727.75,316651,,,,,,,,,,23-01-2024,3087.550049,3054.699951
25-01-2024,3010.050049,3016,2942.300049,2949.199951,2920.938232,2001961,3731,3750,3695.5,3734.25,3734.25,200269,,,,,,,,,,24-01-2024,3055,2999.449951
29-01-2024,2940.050049,2988.449951,2940.050049,2976.050049,2947.531006,1862723,3700,3764.199951,3689,3749.399902,3749.399902,216522,,,,,,,,,,25-01-2024,3010.050049,2949.199951
30-01-2024,2990,3005,2951.050049,2954.100098,2925.791504,1273188,3740,3772.850098,3680,3687.300049,3687.300049,263265,,,,,,,,,,29-01-2024,2940.050049,2976.050049
31-01-2024,2966,2971.899902,2948.050049,2957.850098,2929.505615,1771244,3680,3821.399902,3652.75,3792.699951,3792.699951,353880,,,,,,,,,,30-01-2024,2990,2954.100098
01-02-2024,2961,2972.850098,2919.949951,2929.350098,2901.278564,3006472,3810,3826.600098,3772,3808.199951,3808.199951,188297,,,,,,,,,,31-01-2024,2966,2957.850098
02-02-2024,2950,2962.350098,2924.050049,2936.300049,2908.162109,1881911,3808.199951,3815,3770,3784.300049,3784.300049,186318,,,,,,,,,,01-02-2024,2961,2929.350098
05-02-2024,2950,2965,2912,2917.350098,2889.393555,923435,3785,3791.550049,3720.050049,3729.600098,3729.600098,216052,,,,,,,,,,02-02-2024,2950,2936.300049
06-02-2024,2931,2947,2902.649902,2930.949951,2902.863281,1471312,3730,3737.699951,3702.050049,3727.399902,3727.399902,148110,,,,,,,,,,05-02-2024,2950,2917.350098
07-02-2024,2957,3002.949951,2936.050049,2981.149902,2952.582031,1134012,3759,3785,3703,3717.699951,3717.699951,173087,,,,,,,,,,06-02-2024,2931,2930.949951
08-02-2024,2999.75,2999.75,2919.800049,2929.600098,2901.526367,1633654,3718.949951,3787.949951,3715,3731.050049,3731.050049,261689,,,,,,,,,,07-02-2024,2957,2981.149902
09-02-2024,2930,2959,2910.550049,2951.649902,2923.364746,1144765,3732.149902,3758,3699,3719.199951,3719.199951,306425,,,,,,,,,,08-02-2024,2999.75,2929.600098
12-02-2024,2951.649902,2964.949951,2920.050049,2953.800049,2925.494385,614469,3719.199951,3734.949951,3644.300049,3675.600098,3675.600098,199148,,,,,,,,,,09-02-2024,2930,2951.649902
13-02-2024,2964.949951,2981.25,2945.699951,2971.600098,2943.123779,717118,3685.050049,3728,3660.899902,3703.199951,3703.199951,294135,,,,,,,,,,12-02-2024,2951.649902,2953.800049
14-02-2024,2969.899902,2980.800049,2936.050049,2976.399902,2947.877686,750339,3700,3739,3691.050049,3722.399902,3722.399902,257694,,,,,,,,,,13-02-2024,2964.949951,2971.600098
15-02-2024,2980,3024.5,2967.449951,3016.550049,2987.643066,1068730,3722.399902,3729.949951,3671.350098,3678.600098,3678.600098,507420,,,,,,,,,,14-02-2024,2969.899902,2976.399902
16-02-2024,3035,3035,3000,3007.899902,2979.075684,1179473,3698.600098,3724.649902,3665.100098,3693.300049,3693.300049,726598,,,,,,,,,,15-02-2024,2980,3016.550049
19-02-2024,3007.899902,3018.699951,2987.5,2998.100098,2969.369873,560700,3673.300049,3722,3673.300049,3707.25,3707.25,226669,,,,,,,,,,16-02-2024,3035,3007.899902
20-02-2024,2998.100098,3017.100098,2972.100098,3011.649902,2982.789795,729371,3701,3784,3691.399902,3756.199951,3756.199951,316518,,,,,,,,,,19-02-2024,3007.899902,2998.100098
21-02-2024,3012.050049,3026.75,2983.5,3001.800049,2973.034424,927130,3752,3889,3752,3835.75,3835.75,592509,,,,,,,,,,20-02-2024,2998.100098,3011.649902
22-02-2024,2983,3027.199951,2932.100098,3017.399902,2988.484619,2615821,3860,3869,3801.850098,3851.449951,3851.449951,237411,,,,,,,,,,21-02-2024,3012.050049,3001.800049
23-02-2024,2999,3005,2966.199951,2985.949951,2957.336182,1650523,3860,3872,3828.649902,3840.550049,3840.550049,226731,,,,,,,,,,22-02-2024,2983,3017.399902
26-02-2024,2920,2930,2847.800049,2868.449951,2840.962158,3524491,3840.550049,3859,3796.25,3850.350098,3850.350098,346646,,,,,,,,,,23-02-2024,2999,2985.949951
27-02-2024,2855,2870,2850.100098,2859.550049,2832.147461,1296180,3859,3885,3818.050049,3852.199951,3852.199951,256237,,,,,,,,,,26-02-2024,2920,2868.449951
28-02-2024,2850.149902,2859.399902,2785.5,2794.350098,2767.572266,2472196,3856.399902,3948.300049,3838.100098,3850,3850,505405,,,,,,,,,,27-02-2024,2855,2859.550049
29-02-2024,2785,2838,2776.75,2821.899902,2794.858154,2284424,3818.399902,3940,3797.050049,3918.899902,3918.899902,499782,,,,,,,,,,28-02-2024,2850.149902,2794.350098
01-03-2024,2832.899902,2845.949951,2815.050049,2831.75,2804.61377,978174,3925,3936.75,3867,3884.149902,3884.149902,261674,,,,,,,,,,29-02-2024,2785,2821.899902
04-03-2024,2860,2860.949951,2828,2831.75,2804.61377,971299,3870.949951,3878.649902,3831,3846.350098,3846.350098,153055,,,,,,,,,,01-03-2024,2832.899902,2831.75
05-03-2024,2834,2834.850098,2805,2820.399902,2793.372559,736381,3830,3884.350098,3811.300049,3834.5,3834.5,185829,,,,,,,,,,04-03-2024,2860,2831.75
06-03-2024,2827.949951,2839,2777.75,2827.300049,2800.206543,1723066,3834.5,3895,3825.149902,3888.649902,3888.649902,308886,,,,,,,,,,05-03-2024,2834,2820.399902
07-03-2024,2825,2894,2825,2870.550049,2843.041992,1564364,3888.649902,3942.649902,3877.199951,3925.949951,3925.949951,330459,,,,,,,,,,06-03-2024,2827.949951,2827.300049
11-03-2024,2895.550049,2896.550049,2853.100098,2876.850098,2849.281738,866546,3948.850098,4025,3936.050049,3979.649902,3979.649902,689781,,,,,,,,,,07-03-2024,2825,2870.550049
12-03-2024,2880,2899.899902,2865.449951,2876.149902,2848.588379,663186,3999,4042,3900,4031.699951,4031.699951,499999,,,,,,,,,,11-03-2024,2895.550049,2876.850098
13-03-2024,2878.600098,2887.25,2835,2860.149902,2832.741699,955841,4055,4056,3932.050049,3967.800049,3967.800049,521699,,,,,,,,,,12-03-2024,2880,2876.149902
14-03-2024,2860,2898.050049,2841,2892.25,2864.53418,1381741,3966.949951,4040,3890,4019.25,4019.25,355226,,,,,,,,,,13-03-2024,2878.600098,2860.149902
15-03-2024,2895,2896.949951,2850,2867.550049,2840.070801,1356226,4019.449951,4035,3904,3932.100098,3932.100098,348203,,,,,,,,,,14-03-2024,2860,2892.25
18-03-2024,2866,2866,2817.25,2846.5,2819.222412,940424,3932.100098,4019,3918.699951,4010.550049,4010.550049,230448,,,,,,,,,,15-03-2024,2895,2867.550049
19-03-2024,2840,2840,2801,2815.100098,2788.123535,1199135,4008,4046.050049,3983.050049,4014.100098,4014.100098,451330,,,,,,,,,,18-03-2024,2866,2846.5
20-03-2024,2815.100098,2837.050049,2797.550049,2824.899902,2797.829346,818910,4015,4068,4009.25,4056.350098,4056.350098,346426,,,,,,,,,,19-03-2024,2840,2815.100098
21-03-2024,2845,2845.399902,2806,2821.149902,2794.115234,1167680,4117,4238,4091.5,4163.100098,4163.100098,1130832,,,,,,,,,,20-03-2024,2815.100098,2824.899902
22-03-2024,2821.149902,2855.149902,2808,2841.5,2814.270508,1652689,4159.799805,4330.5,4151.149902,4297.600098,4297.600098,921652,,,,,,,,,,21-03-2024,2845,2821.149902
26-03-2024,2820,2844.149902,2810,2814.649902,2787.677734,1372390,4315.75,4509.450195,4297.25,4486.200195,4486.200195,1838678,,,,,,,,,,22-03-2024,2821.149902,2841.5
27-03-2024,2817.949951,2842.850098,2817.699951,2830.5,2803.375732,1156231,4480.5,4533,4387.049805,4420.549805,4420.549805,814043,,,,,,,,,,26-03-2024,2820,2814.649902
28-03-2024,2835.050049,2868,2819,2846.75,2819.470215,1864623,4424.950195,4560,4397.049805,4525.600098,4525.600098,892567,,,,,,,,,,27-03-2024,2817.949951,2830.5
01-04-2024,2860.949951,2886.449951,2852.350098,2871,2843.487793,558086,4570,4592,4456.299805,4483.299805,4483.299805,410983,,,,,,,,,,28-03-2024,2835.050049,2846.75
02-04-2024,2874.050049,2892.399902,2856,2874.199951,2846.656982,562473,4503,4563,4400.049805,4411.850098,4411.850098,442907,,,,,,,,,,01-04-2024,2860.949951,2871
03-04-2024,2845,2884.550049,2845,2869.350098,2841.85376,816676,4455,4494.450195,4415,4460.899902,4460.899902,257333,,,,,,,,,,02-04-2024,2874.050049,2874.199951
04-04-2024,2870,2943.25,2851.25,2918.300049,2890.334473,1831347,4562,4715,4540,4645.049805,4645.049805,1564457,,,,,,,,,,03-04-2024,2845,2869.350098
05-04-2024,2924,2927.75,2880,2883.449951,2855.818359,1155672,4645,4685,4557,4619.25,4619.25,418022,,,,,,,,,,04-04-2024,2870,2918.300049
08-04-2024,2908,2908.949951,2873.800049,2892,2864.286377,570695,4648.149902,4748,4640,4672.799805,4672.799805,461322,,,,,,,,,,05-04-2024,2924,2883.449951
09-04-2024,2893,2916.449951,2845,2857.149902,2829.770264,1017670,4671.950195,4747.799805,4622,4716.149902,4716.149902,285672,,,,,,,,,,08-04-2024,2908,2892
10-04-2024,2883.300049,2899.100098,2858,2896.75,2868.990967,740495,4736.600098,4831.850098,4711,4754,4754,728446,,,,,,,,,,09-04-2024,2893,2857.149902
12-04-2024,2890,2893,2845,2854.5,2827.145752,1766311,4753.899902,4806.75,4725,4765.049805,4765.049805,676863,,,,,,,,,,10-04-2024,2883.300049,2896.75
15-04-2024,2830.199951,2853.5,2812.350098,2844.399902,2817.142578,884519,4680,4736.549805,4620.600098,4686.799805,4686.799805,358707,,,,,,,,,,12-04-2024,2890,2854.5
16-04-2024,2827.649902,2841.449951,2820,2830,2802.880615,911249,4650,4689.299805,4611.350098,4644.299805,4644.299805,245231,,,,,,,,,,15-04-2024,2830.199951,2844.399902
18-04-2024,2855,2859.199951,2800.100098,2807.699951,2780.794189,1732434,4644.299805,4694.299805,4605,4627.100098,4627.100098,417772,,,,,,,,,,16-04-2024,2827.649902,2830
19-04-2024,2790,2822.100098,2766.149902,2808.550049,2781.63623,1337807,4766.950195,4836.700195,4651.100098,4696,4696,778084,,,,,,,,,,18-04-2024,2855,2807.699951
22-04-2024,2846.600098,2846.600098,2814.050049,2841.850098,2814.617188,676040,4743,4815.950195,4692.049805,4758,4758,257706,,,,,,,,,,19-04-2024,2790,2808.550049
23-04-2024,2852,2877.949951,2844,2874.899902,2847.350342,929062,4804.5,4890,4773,4800.549805,4800.549805,458148,,,,,,,,,,22-04-2024,2846.600098,2841.850098
24-04-2024,2882.949951,2883.100098,2860,2867.75,2840.268799,718441,4820,4835.700195,4778,4797.549805,4797.549805,199877,,,,,,,,,,23-04-2024,2852,2874.899902
25-04-2024,2865,2869.899902,2829.050049,2861.449951,2834.029297,1594152,4801,4817.649902,4615.149902,4657.100098,4657.100098,462020,,,,,,,,,,24-04-2024,2882.949951,2867.75
26-04-2024,2870,2878.199951,2837.050049,2844.149902,2816.89502,625507,4657.049805,4719.950195,4531.5,4553.149902,4553.149902,254510,,,,,,,,,,25-04-2024,2865,2861.449951
29-04-2024,2844.149902,2873.949951,2839,2868.199951,2840.7146,566219,4560.5,4562.450195,4450,4483.799805,4483.799805,385596,,,,,,,,,,26-04-2024,2870,2844.149902
30-04-2024,2855,2912,2855,2875.899902,2848.340576,1290649,4455.149902,4650,4455.149902,4603.799805,4603.799805,637696,,,,,,,,,,29-04-2024,2844.149902,2868.199951
02-05-2024,2875.100098,2988,2875.100098,2975.399902,2946.887207,2493406,4609.950195,4642.450195,4578,4605.049805,4605.049805,256067,,,,,,,,,,30-04-2024,2855,2875.899902
03-05-2024,2983.050049,2997,2909.25,2929.75,2901.674805,1594445,4626.950195,4627,4545.049805,4612.350098,4612.350098,436785,,,,,,,,,,02-05-2024,2875.100098,2975.399902
06-05-2024,2950,2959,2911.199951,2932.149902,2904.051758,768806,4620,4739.899902,4576,4600.600098,4600.600098,643041,,,,,,,,,,03-05-2024,2983.050049,2929.75
07-05-2024,2947,2967.949951,2904,2913,2885.085205,629534,4619.950195,4698,4581,4660.450195,4660.450195,431030,,,,,,,,,,06-05-2024,2950,2932.149902
08-05-2024,2900,2905,2821,2843.300049,2816.053223,1652877,4674.799805,4863.799805,4670,4806.75,4806.75,829723,,,,,,,,,,07-05-2024,2947,2913
09-05-2024,2828,2853.949951,2703.800049,2710.100098,2684.129639,3547959,4806.75,4895.600098,4730,4798.649902,4798.649902,618014,,,,,,,,,,08-05-2024,2900,2843.300049
10-05-2024,2699,2792.600098,2670.100098,2771.25,2744.693604,2478584,4798.649902,4852,4735.850098,4796.799805,4796.799805,290601,,,,,,,,,,09-05-2024,2828,2710.100098
13-05-2024,2771.25,2895,2754.100098,2879.25,2851.658691,2748823,4799.950195,4809,4667,4693.700195,4693.700195,190782,,,,,,,,,,10-05-2024,2699,2771.25
14-05-2024,2879,2888,2842,2866.149902,2838.684082,999330,4739,4755,4550.350098,4597.049805,4597.049805,376741,,,,,,,,,,13-05-2024,2771.25,2879.25
15-05-2024,2866.149902,2874.25,2806.149902,2813.699951,2786.736816,1230520,4614.950195,4680,4597.100098,4652.450195,4652.450195,298259,,,,,,,,,,14-05-2024,2879,2866.149902
16-05-2024,2821.050049,2837.600098,2786.550049,2814.050049,2787.083496,1534319,4674.299805,4699,4660.049805,4671.25,4671.25,519285,,,,,,,,,,15-05-2024,2866.149902,2813.699951
17-05-2024,2814.600098,2838.199951,2786.100098,2809.899902,2782.973145,1325150,4680,4710,4665.049805,4682.899902,4682.899902,203113,,,,,,,,,,16-05-2024,2821.050049,2814.050049
21-05-2024,2815,2866.949951,2801,2851.800049,2824.47168,921822,4670,4737.450195,4605.450195,4705.899902,4705.899902,179171,,,,,,,,,,17-05-2024,2814.600098,2809.899902
22-05-2024,2851.800049,2895,2836.600098,2885.75,2858.096436,933846,4763.149902,4924.200195,4737.149902,4798.799805,4798.799805,716981,,,,,,,,,,21-05-2024,2815,2851.800049
23-05-2024,2885,2921.25,2877.300049,2903.75,2875.923828,1181894,4794.5,4812,4755.799805,4793.549805,4793.549805,151025,,,,,,,,,,22-05-2024,2851.800049,2885.75
24-05-2024,2910.199951,2910.199951,2867,2874.75,2847.201904,755822,4797.899902,4841.399902,4674.100098,4684.5,4684.5,307316,,,,,,,,,,23-05-2024,2885,2903.75
27-05-2024,2887.899902,2898.300049,2855.550049,2872.300049,2844.775391,817091,4651.549805,4669,4508,4537.350098,4537.350098,392853,,,,,,,,,,24-05-2024,2910.199951,2874.75
28-05-2024,2875.850098,2921,2864,2911.199951,2883.30249,1084544,4551.899902,4588.850098,4440.200195,4474.450195,4474.450195,224693,,,,,,,,,,27-05-2024,2887.899902,2872.300049
29-05-2024,2896,2921.699951,2881.100098,2900.149902,2872.358398,1758297,4474,4564.850098,4435.100098,4476.850098,4476.850098,234524,,,,,,,,,,28-05-2024,2875.850098,2911.199951
30-05-2024,2875.25,2910.850098,2875,2883.699951,2856.065918,1344426,4475.899902,4497.25,4410,4444.950195,4444.950195,141706,,,,,,,,,,29-05-2024,2896,2900.149902
31-05-2024,2883.699951,2906,2855.600098,2881.199951,2853.589844,2520363,4440,4450,4250.399902,4302.149902,4302.149902,866438,,,,,,,,,,30-05-2024,2875.25,2883.699951
03-06-2024,2950,2950,2860.050049,2866.449951,2838.981201,952701,4392.950195,4400,4301,4349.350098,4349.350098,279797,,,,,,,,,,31-05-2024,2883.699951,2881.199951
04-06-2024,2880,2897,2775.75,2857.649902,2830.265625,2683847,4399,4590,4355.649902,4548.75,4548.75,1093378,,,,,,,,,,03-06-2024,2950,2866.449951
05-06-2024,2864.5,3027.300049,2864.5,2961.75,2933.368164,2410576,4590,4900,4562.200195,4862.25,4862.25,1495770,,,,,,,,,,04-06-2024,2880,2857.649902
06-06-2024,2960,2961.75,2882.25,2904.800049,2876.963867,1689408,4861.950195,4861.950195,4675.25,4687.049805,4687.049805,664303,,,,,,,,,,05-06-2024,2864.5,2961.75
07-06-2024,2904.800049,2943.100098,2888.850098,2927.699951,2899.644287,1600180,4700,4806.350098,4690.75,4747.25,4747.25,352969,,,,,,,,,,06-06-2024,2960,2904.800049
10-06-2024,2928,2951.899902,2915,2937.550049,2909.400146,876867,4769.049805,4812,4688,4778.399902,4778.399902,276907,,,,,,,,,,07-06-2024,2904.800049,2927.699951
11-06-2024,2915,2920.350098,2895,2902.449951,2902.449951,855430,4800,4829.899902,4676,4701.450195,4701.450195,266806,,,,,,,,,,10-06-2024,2928,2937.550049
12-06-2024,2909,2918,2865.649902,2905.800049,2905.800049,1701770,4710.049805,4740,4645,4666.75,4666.75,555091,,,,,,,,,,11-06-2024,2915,2902.449951
13-06-2024,2929,2929,2905,2910,2910,726380,4697.25,4739.950195,4640.049805,4656.649902,4656.649902,238268,,,,,,,,,,12-06-2024,2909,2905.800049
14-06-2024,2910,2931.350098,2905.100098,2921.600098,2921.600098,982815,4692,4759.950195,4671.049805,4739.950195,4739.950195,258982,,,,,,,,,,13-06-2024,2929,2910
18-06-2024,2921.600098,2928,2905,2918.5,2918.5,741098,4739.950195,5080,4734.799805,5039.299805,5039.299805,2054168,,,,,,,,,,14-06-2024,2910,2921.600098
19-06-2024,2918,2920,2882.649902,2891.699951,2891.699951,1018294,5079,5219,4901.350098,4933.899902,4933.899902,1438750,,,,,,,,,,18-06-2024,2921.600098,2918.5
20-06-2024,2885,2924.5,2872.399902,2915.5,2915.5,1129752,4947.450195,5022.5,4832.200195,4861.700195,4861.700195,577843,,,,,,,,,,19-06-2024,2918,2891.699951
21-06-2024,2925,2928,2880.100098,2890.850098,2890.850098,1721723,4928,5082.950195,4763,4804.850098,4804.850098,725998,,,,,,,,,,20-06-2024,2885,2915.5
,,,,,,,,,,,,,,,,,,,,,,21-06-2024,2925,2890.850098
